Site,Date,Filename,n_calls,prob1,sp1,prob2,sp2,prob3,sp3,mean_temp,mean_hum,mean_wind,min_temp,min_hum,min_wind,max_temp,max_hum,max_wind
Peace_Whitemud3_filteredb,20190713,20191805__20190714_002058.00#.zc,9,0.230444444444444,MYLU,0.198222222222222,MYVO,0.161555555555556,noise,10.116666666667,95.500000000000,2.166666666667,8.700000000000,92.000000000000,0E-12,11.600000000000,97.000000000000,4.000000000000
Peace_Whitemud3_filteredb,20190713,20191805__20190714_002102.00#.zc,29,0.208275862068966,MYLU,0.17,MYVO,0.151103448275862,noise,10.116666666667,95.500000000000,2.166666666667,8.700000000000,92.000000000000,0E-12,11.600000000000,97.000000000000,4.000000000000
Peace_Whitemud3_filteredb,20190713,20191805__20190714_023258.00#.zc,2,0.429,EPFU,0.219,LANO,0.19,LACI,10.116666666667,95.500000000000,2.166666666667,8.700000000000,92.000000000000,0E-12,11.600000000000,97.000000000000,4.000000000000
Peace_Whitemud3_filteredb,20190713,20191805__20190714_040813.00#.zc,6,0.516666666666667,EPFU,0.216,LANO,0.169666666666667,LACI,10.116666666667,95.500000000000,2.166666666667,8.700000000000,92.000000000000,0E-12,11.600000000000,97.000000000000,4.000000000000
Peace_Whitemud3_filteredb,20190713,20191805__20190714_041001.00#.zc,2,0.435,EPFU,0.219,LACI,0.18,noise,10.116666666667,95.500000000000,2.166666666667,8.700000000000,92.000000000000,0E-12,11.600000000000,97.000000000000,4.000000000000
Peace_Whitemud3_filteredb,20190713,20191805__20190714_022619.00#.zc,3,0.408,LACI,0.272666666666667,EPFU,0.228,noise,10.116666666667,95.500000000000,2.166666666667,8.700000000000,92.000000000000,0E-12,11.600000000000,97.000000000000,4.000000000000
Peace_Whitemud3_filteredb,20190713,20191805__20190714_013032.00#.zc,1,0.374,EPFU,0.298,LANO,0.244,LACI,10.116666666667,95.500000000000,2.166666666667,8.700000000000,92.000000000000,0E-12,11.600000000000,97.000000000000,4.000000000000
Peace_Whitemud3_filteredb,20190713,20191805__20190714_012203.00#.zc,1,0.388,EPFU,0.324,LANO,0.144,LACI,10.116666666667,95.500000000000,2.166666666667,8.700000000000,92.000000000000,0E-12,11.600000000000,97.000000000000,4.000000000000
Peace_Whitemud3_filteredb,20190713,20191805__20190714_040144.00#.zc,9,0.395777777777778,EPFU,0.264888888888889,LACI,0.190222222222222,LANO,10.116666666667,95.500000000000,2.166666666667,8.700000000000,92.000000000000,0E-12,11.600000000000,97.000000000000,4.000000000000
Peace_Whitemud3_filteredb,20190713,20191805__20190714_030842.00#.zc,2,0.454,EPFU,0.333,LANO,0.132,LACI,10.116666666667,95.500000000000,2.166666666667,8.700000000000,92.000000000000,0E-12,11.600000000000,97.000000000000,4.000000000000
Peace_Whitemud3_filteredb,20190713,20191805__20190714_023444.00#.zc,1,0.702,EPFU,0.144,noise,0.128,LACI,10.116666666667,95.500000000000,2.166666666667,8.700000000000,92.000000000000,0E-12,11.600000000000,97.000000000000,4.000000000000
Peace_Whitemud3_filteredb,20190713,20191805__20190714_012205.00#.zc,2,0.433,EPFU,0.291,LANO,0.155,LACI,10.116666666667,95.500000000000,2.166666666667,8.700000000000,92.000000000000,0E-12,11.600000000000,97.000000000000,4.000000000000
Peace_Whitemud3_filteredb,20190713,20191805__20190714_033105.00#.zc,6,0.440333333333333,EPFU,0.271,LANO,0.165666666666667,LACI,10.116666666667,95.500000000000,2.166666666667,8.700000000000,92.000000000000,0E-12,11.600000000000,97.000000000000,4.000000000000
Peace_Whitemud3_filteredb,20190713,20191805__20190714_030030.00#.zc,11,0.311636363636364,EPFU,0.256363636363636,LACI,0.218,LANO,10.116666666667,95.500000000000,2.166666666667,8.700000000000,92.000000000000,0E-12,11.600000000000,97.000000000000,4.000000000000
Peace_Whitemud3_filteredb,20190713,20191805__20190713_231918.00#.zc,43,0.314883720930233,noise,0.153116279069767,MYLU,0.122186046511628,LABO,10.116666666667,95.500000000000,2.166666666667,8.700000000000,92.000000000000,0E-12,11.600000000000,97.000000000000,4.000000000000
Peace_Whitemud3_filteredb,20190713,20191805__20190714_035539.00#.zc,3,0.395333333333333,noise,0.275333333333333,LACI,0.206,EPFU,10.116666666667,95.500000000000,2.166666666667,8.700000000000,92.000000000000,0E-12,11.600000000000,97.000000000000,4.000000000000
Peace_Whitemud3_filteredb,20190713,20191805__20190714_041024.00#.zc,2,0.331,EPFU,0.258,LACI,0.239,noise,10.116666666667,95.500000000000,2.166666666667,8.700000000000,92.000000000000,0E-12,11.600000000000,97.000000000000,4.000000000000
Peace_Whitemud3_filteredb,20190713,20191805__20190714_041236.00#.zc,11,0.316181818181818,EPFU,0.256545454545455,noise,0.240181818181818,LANO,10.116666666667,95.500000000000,2.166666666667,8.700000000000,92.000000000000,0E-12,11.600000000000,97.000000000000,4.000000000000
Peace_Whitemud3_filteredb,20190713,20191805__20190714_041035.00#.zc,2,0.385,EPFU,0.301,LANO,0.171,LACI,10.116666666667,95.500000000000,2.166666666667,8.700000000000,92.000000000000,0E-12,11.600000000000,97.000000000000,4.000000000000
Peace_Whitemud3_filteredb,20190713,20191805__20190714_003620.00#.zc,16,0.38875,noise,0.1435,MYLU,0.1075,MYVO,10.116666666667,95.500000000000,2.166666666667,8.700000000000,92.000000000000,0E-12,11.600000000000,97.000000000000,4.000000000000
Peace_Whitemud3_filteredb,20190713,20191805__20190714_005857.00#.zc,2,0.396,EPFU,0.271,LACI,0.178,LANO,10.116666666667,95.500000000000,2.166666666667,8.700000000000,92.000000000000,0E-12,11.600000000000,97.000000000000,4.000000000000
Peace_Whitemud3_filteredb,20190713,20191805__20190714_035621.00#.zc,22,0.360909090909091,EPFU,0.269454545454545,LANO,0.221454545454545,LACI,10.116666666667,95.500000000000,2.166666666667,8.700000000000,92.000000000000,0E-12,11.600000000000,97.000000000000,4.000000000000
Peace_Whitemud3_filteredb,20190713,20191805__20190714_030844.00#.zc,2,0.415,EPFU,0.267,LANO,0.175,LACI,10.116666666667,95.500000000000,2.166666666667,8.700000000000,92.000000000000,0E-12,11.600000000000,97.000000000000,4.000000000000
Peace_Whitemud3_filteredb,20190713,20191805__20190714_023542.00#.zc,6,0.440333333333333,EPFU,0.263,LACI,0.161333333333333,noise,10.116666666667,95.500000000000,2.166666666667,8.700000000000,92.000000000000,0E-12,11.600000000000,97.000000000000,4.000000000000
Peace_Whitemud3_filteredb,20190713,20191805__20190714_041037.00#.zc,6,0.356666666666667,noise,0.343666666666667,EPFU,0.166333333333333,LANO,10.116666666667,95.500000000000,2.166666666667,8.700000000000,92.000000000000,0E-12,11.600000000000,97.000000000000,4.000000000000
Peace_Whitemud3_filteredb,20190713,20191805__20190713_232512.00#.zc,26,0.248923076923077,noise,0.201384615384615,MYLU,0.126692307692308,MYVO,10.116666666667,95.500000000000,2.166666666667,8.700000000000,92.000000000000,0E-12,11.600000000000,97.000000000000,4.000000000000
Peace_Whitemud3_filteredb,20190713,20191805__20190714_022503.00#.zc,1,0.368,noise,0.288,EPFU,0.212,LACI,10.116666666667,95.500000000000,2.166666666667,8.700000000000,92.000000000000,0E-12,11.600000000000,97.000000000000,4.000000000000
Peace_Whitemud3_filteredb,20190713,20191805__20190714_041005.00#.zc,1,0.384,EPFU,0.308,LANO,0.164,LACI,10.116666666667,95.500000000000,2.166666666667,8.700000000000,92.000000000000,0E-12,11.600000000000,97.000000000000,4.000000000000
Peace_Whitemud3_filteredb,20190713,20191805__20190714_023443.00#.zc,1,0.4,LACI,0.374,EPFU,0.134,noise,10.116666666667,95.500000000000,2.166666666667,8.700000000000,92.000000000000,0E-12,11.600000000000,97.000000000000,4.000000000000
Peace_Whitemud3_filteredb,20190713,20191805__20190713_232511.00#.zc,5,0.5112,noise,0.11,LACI,0.102,MYVO,10.116666666667,95.500000000000,2.166666666667,8.700000000000,92.000000000000,0E-12,11.600000000000,97.000000000000,4.000000000000
Peace_Whitemud3_filteredb,20190713,20191805__20190714_040457.00#.zc,49,0.265918367346939,MYLU,0.211061224489796,MYVO,0.0978775510204082,LABO,10.116666666667,95.500000000000,2.166666666667,8.700000000000,92.000000000000,0E-12,11.600000000000,97.000000000000,4.000000000000
Peace_Whitemud3_filteredb,20190713,20191805__20190714_022617.00#.zc,1,0.534,LACI,0.26,noise,0.17,EPFU,10.116666666667,95.500000000000,2.166666666667,8.700000000000,92.000000000000,0E-12,11.600000000000,97.000000000000,4.000000000000
Peace_Whitemud3_filteredb,20190713,20191805__20190714_012206.00#.zc,6,0.452333333333333,EPFU,0.226,LANO,0.2,LACI,10.116666666667,95.500000000000,2.166666666667,8.700000000000,92.000000000000,0E-12,11.600000000000,97.000000000000,4.000000000000
Peace_Whitemud3_filteredb,20190713,20191805__20190713_233012.00#.zc,56,0.228892857142857,MYLU,0.1955,MYVO,0.116285714285714,noise,10.116666666667,95.500000000000,2.166666666667,8.700000000000,92.000000000000,0E-12,11.600000000000,97.000000000000,4.000000000000
Peace_Whitemud3_filteredb,20190713,20191805__20190713_232500.00#.zc,1,0.456,NA,0.456,NA,0.072,EPFU,10.116666666667,95.500000000000,2.166666666667,8.700000000000,92.000000000000,0E-12,11.600000000000,97.000000000000,4.000000000000
Peace_Whitemud3_filteredb,20190713,20191805__20190713_231915.00#.zc,13,0.276,noise,0.194153846153846,MYLU,0.122,LABO,10.116666666667,95.500000000000,2.166666666667,8.700000000000,92.000000000000,0E-12,11.600000000000,97.000000000000,4.000000000000
Peace_Whitemud3_filteredb,20190713,20191805__20190713_232448.00#.zc,3,0.462666666666667,noise,0.313333333333333,LACI,0.205333333333333,EPFU,10.116666666667,95.500000000000,2.166666666667,8.700000000000,92.000000000000,0E-12,11.600000000000,97.000000000000,4.000000000000
Peace_Whitemud3_filteredb,20190713,20191805__20190713_232544.00#.zc,5,0.404,noise,0.338,LACI,0.2284,EPFU,10.116666666667,95.500000000000,2.166666666667,8.700000000000,92.000000000000,0E-12,11.600000000000,97.000000000000,4.000000000000
Peace_Whitemud3_filteredb,20190713,20191805__20190714_012237.00#.zc,15,0.446933333333333,noise,0.2028,LACI,0.143066666666667,EPFU,10.116666666667,95.500000000000,2.166666666667,8.700000000000,92.000000000000,0E-12,11.600000000000,97.000000000000,4.000000000000
Peace_Whitemud3_filteredb,20190713,20191805__20190714_040958.00#.zc,6,0.366333333333333,EPFU,0.277,noise,0.189333333333333,LACI,10.116666666667,95.500000000000,2.166666666667,8.700000000000,92.000000000000,0E-12,11.600000000000,97.000000000000,4.000000000000
Peace_Whitemud3_filteredb,20190713,20191805__20190714_041015.00#.zc,6,0.350333333333333,noise,0.313333333333333,EPFU,0.174666666666667,LANO,10.116666666667,95.500000000000,2.166666666667,8.700000000000,92.000000000000,0E-12,11.600000000000,97.000000000000,4.000000000000
Peace_Whitemud3_filteredb,20190713,20191805__20190713_232208.00#.zc,4,0.3195,EPFU,0.306,noise,0.199,LANO,10.116666666667,95.500000000000,2.166666666667,8.700000000000,92.000000000000,0E-12,11.600000000000,97.000000000000,4.000000000000
Peace_Whitemud3_filteredb,20190713,20191805__20190714_022505.00#.zc,2,0.439,noise,0.273,LACI,0.243,EPFU,10.116666666667,95.500000000000,2.166666666667,8.700000000000,92.000000000000,0E-12,11.600000000000,97.000000000000,4.000000000000
Peace_Whitemud3_filteredb,20190713,20191805__20190714_011953.00#.zc,1,0.42,EPFU,0.3,LANO,0.144,LACI,10.116666666667,95.500000000000,2.166666666667,8.700000000000,92.000000000000,0E-12,11.600000000000,97.000000000000,4.000000000000
Peace_Whitemud3_filteredb,20190713,20191805__20190714_040455.00#.zc,3,0.407333333333333,noise,0.15,LANO,0.104,EPFU,10.116666666667,95.500000000000,2.166666666667,8.700000000000,92.000000000000,0E-12,11.600000000000,97.000000000000,4.000000000000
Peace_Whitemud3_filteredb,20190713,20191805__20190714_021021.00#.zc,126,0.536730158730159,noise,0.161555555555556,EPFU,0.153904761904762,LACI,10.116666666667,95.500000000000,2.166666666667,8.700000000000,92.000000000000,0E-12,11.600000000000,97.000000000000,4.000000000000
Peace_Whitemud3_filteredb,20190713,20191805__20190714_023251.00#.zc,4,0.523,EPFU,0.21,LANO,0.152,LACI,10.116666666667,95.500000000000,2.166666666667,8.700000000000,92.000000000000,0E-12,11.600000000000,97.000000000000,4.000000000000
Peace_Whitemud3_filteredb,20190713,20191805__20190714_000612.00#.zc,7,0.545142857142857,noise,0.155142857142857,LACI,0.0965714285714286,LABO,10.116666666667,95.500000000000,2.166666666667,8.700000000000,92.000000000000,0E-12,11.600000000000,97.000000000000,4.000000000000
Peace_Whitemud3_filteredb,20190713,20191805__20190714_021036.00#.zc,60,0.7107,noise,0.151066666666667,LACI,0.0531,EPFU,10.116666666667,95.500000000000,2.166666666667,8.700000000000,92.000000000000,0E-12,11.600000000000,97.000000000000,4.000000000000
Peace_Whitemud3_filteredb,20190713,20191805__20190714_041048.00#.zc,25,0.40928,EPFU,0.20368,LACI,0.19808,LANO,10.116666666667,95.500000000000,2.166666666667,8.700000000000,92.000000000000,0E-12,11.600000000000,97.000000000000,4.000000000000
Peace_Whitemud3_filteredb,20190713,20191805__20190714_040147.00#.zc,1,0.398,EPFU,0.226,LACI,0.186,LANO,10.116666666667,95.500000000000,2.166666666667,8.700000000000,92.000000000000,0E-12,11.600000000000,97.000000000000,4.000000000000
Peace_Whitemud3_filteredb,20190713,20191805__20190714_041038.00#.zc,3,0.342666666666667,noise,0.319333333333333,EPFU,0.180666666666667,LANO,10.116666666667,95.500000000000,2.166666666667,8.700000000000,92.000000000000,0E-12,11.600000000000,97.000000000000,4.000000000000
Peace_Whitemud3_filteredb,20190713,20191805__20190714_032822.00#.zc,5,0.2364,LABO,0.2324,MYLU,0.1804,MYVO,10.116666666667,95.500000000000,2.166666666667,8.700000000000,92.000000000000,0E-12,11.600000000000,97.000000000000,4.000000000000
Peace_Whitemud3_filteredb,20190713,20191805__20190714_021019.00#.zc,17,0.580941176470588,noise,0.170235294117647,LACI,0.133882352941176,EPFU,10.116666666667,95.500000000000,2.166666666667,8.700000000000,92.000000000000,0E-12,11.600000000000,97.000000000000,4.000000000000
Peace_Whitemud3_filteredb,20190713,20191805__20190713_232506.00#.zc,3,0.565333333333333,noise,0.308,LACI,0.11,EPFU,10.116666666667,95.500000000000,2.166666666667,8.700000000000,92.000000000000,0E-12,11.600000000000,97.000000000000,4.000000000000
Peace_Whitemud3_filteredb,20190713,20191805__20190713_232457.00#.zc,12,0.334833333333333,EPFU,0.303666666666667,noise,0.2845,LACI,10.116666666667,95.500000000000,2.166666666667,8.700000000000,92.000000000000,0E-12,11.600000000000,97.000000000000,4.000000000000
Peace_Whitemud3_filteredb,20190713,20191805__20190714_023011.00#.zc,4,0.383,noise,0.2245,LACI,0.223,EPFU,10.116666666667,95.500000000000,2.166666666667,8.700000000000,92.000000000000,0E-12,11.600000000000,97.000000000000,4.000000000000
Peace_Whitemud3_filteredb,20190713,20191805__20190714_040143.00#.zc,2,0.305,EPFU,0.263,LANO,0.25,LACI,10.116666666667,95.500000000000,2.166666666667,8.700000000000,92.000000000000,0E-12,11.600000000000,97.000000000000,4.000000000000
Peace_Whitemud3_filteredb,20190713,20191805__20190714_011949.00#.zc,1,0.528,EPFU,0.214,LANO,0.174,LACI,10.116666666667,95.500000000000,2.166666666667,8.700000000000,92.000000000000,0E-12,11.600000000000,97.000000000000,4.000000000000
Peace_Whitemud3_filteredb,20190713,20191805__20190714_041349.00#.zc,78,0.254512820512821,noise,0.21825641025641,MYLU,0.128512820512821,MYVO,10.116666666667,95.500000000000,2.166666666667,8.700000000000,92.000000000000,0E-12,11.600000000000,97.000000000000,4.000000000000
Peace_Whitemud3_filteredb,20190713,20191805__20190713_232446.00#.zc,11,0.433636363636364,noise,0.272181818181818,LACI,0.266727272727273,EPFU,10.116666666667,95.500000000000,2.166666666667,8.700000000000,92.000000000000,0E-12,11.600000000000,97.000000000000,4.000000000000
Peace_Whitemud3_filteredb,20190713,20191805__20190714_012202.00#.zc,1,0.41,EPFU,0.296,LANO,0.156,LACI,10.116666666667,95.500000000000,2.166666666667,8.700000000000,92.000000000000,0E-12,11.600000000000,97.000000000000,4.000000000000
Peace_Whitemud3_filteredb,20190713,20191805__20190714_035620.00#.zc,1,0.332,EPFU,0.272,LACI,0.212,noise,10.116666666667,95.500000000000,2.166666666667,8.700000000000,92.000000000000,0E-12,11.600000000000,97.000000000000,4.000000000000
Peace_Whitemud3_filteredb,20190713,20191805__20190714_034537.00#.zc,2,0.414,LACI,0.347,EPFU,0.146,noise,10.116666666667,95.500000000000,2.166666666667,8.700000000000,92.000000000000,0E-12,11.600000000000,97.000000000000,4.000000000000
Peace_Whitemud3_filteredb,20190713,20191805__20190714_041042.00#.zc,12,0.451833333333333,EPFU,0.248333333333333,LANO,0.191333333333333,LACI,10.116666666667,95.500000000000,2.166666666667,8.700000000000,92.000000000000,0E-12,11.600000000000,97.000000000000,4.000000000000
Peace_Whitemud3_filteredb,20190713,20191805__20190713_232249.00#.zc,22,0.292272727272727,EPFU,0.281363636363636,noise,0.224545454545455,LANO,10.116666666667,95.500000000000,2.166666666667,8.700000000000,92.000000000000,0E-12,11.600000000000,97.000000000000,4.000000000000
Peace_Whitemud3_filteredb,20190713,20191805__20190714_041000.00#.zc,1,0.492,LACI,0.26,noise,0.206,EPFU,10.116666666667,95.500000000000,2.166666666667,8.700000000000,92.000000000000,0E-12,11.600000000000,97.000000000000,4.000000000000
Peace_Whitemud3_filteredb,20190713,20191805__20190714_035619.00#.zc,1,0.418,EPFU,0.336,LANO,0.166,LACI,10.116666666667,95.500000000000,2.166666666667,8.700000000000,92.000000000000,0E-12,11.600000000000,97.000000000000,4.000000000000
Peace_Whitemud3_filteredb,20190713,20191805__20190713_232124.00#.zc,7,0.248857142857143,noise,0.166,MYLU,0.162285714285714,LABO,10.116666666667,95.500000000000,2.166666666667,8.700000000000,92.000000000000,0E-12,11.600000000000,97.000000000000,4.000000000000
Peace_Whitemud3_filteredb,20190713,20191805__20190714_032817.00#.zc,29,0.255034482758621,MYLU,0.217448275862069,MYVO,0.140551724137931,LABO,10.116666666667,95.500000000000,2.166666666667,8.700000000000,92.000000000000,0E-12,11.600000000000,97.000000000000,4.000000000000
Peace_Whitemud3_filteredb,20190713,20191805__20190714_011950.00#.zc,2,0.264,EPFU,0.207,noise,0.18,LACI,10.116666666667,95.500000000000,2.166666666667,8.700000000000,92.000000000000,0E-12,11.600000000000,97.000000000000,4.000000000000
Peace_Whitemud3_filteredb,20190713,20191805__20190714_032346.00#.zc,6,0.376666666666667,LABO,0.141333333333333,EPFU,0.13,MYLU,10.116666666667,95.500000000000,2.166666666667,8.700000000000,92.000000000000,0E-12,11.600000000000,97.000000000000,4.000000000000
Peace_Whitemud3_filteredb,20190713,20191805__20190713_233120.00#.zc,10,0.2928,noise,0.1404,MYLU,0.1192,LACI,10.116666666667,95.500000000000,2.166666666667,8.700000000000,92.000000000000,0E-12,11.600000000000,97.000000000000,4.000000000000
Peace_Whitemud3_filteredb,20190713,20191805__20190714_040816.00#.zc,20,0.3968,EPFU,0.2687,LACI,0.1755,LANO,10.116666666667,95.500000000000,2.166666666667,8.700000000000,92.000000000000,0E-12,11.600000000000,97.000000000000,4.000000000000
Peace_Whitemud3_filteredb,20190713,20191805__20190714_023439.00#.zc,14,0.494571428571429,noise,0.191142857142857,LACI,0.140285714285714,LANO,10.116666666667,95.500000000000,2.166666666667,8.700000000000,92.000000000000,0E-12,11.600000000000,97.000000000000,4.000000000000
Peace_Whitemud3_filteredb,20190713,20191805__20190714_033200.00#.zc,6,0.41,EPFU,0.295,LANO,0.145333333333333,noise,10.116666666667,95.500000000000,2.166666666667,8.700000000000,92.000000000000,0E-12,11.600000000000,97.000000000000,4.000000000000
Peace_Whitemud3_filteredb,20190713,20191805__20190714_023253.00#.zc,17,0.330117647058824,EPFU,0.239764705882353,noise,0.233294117647059,LANO,10.116666666667,95.500000000000,2.166666666667,8.700000000000,92.000000000000,0E-12,11.600000000000,97.000000000000,4.000000000000
Peace_Whitemud3_filteredb,20190713,20191805__20190714_004518.00#.zc,9,0.207111111111111,MYLU,0.184444444444444,noise,0.14,MYVO,10.116666666667,95.500000000000,2.166666666667,8.700000000000,92.000000000000,0E-12,11.600000000000,97.000000000000,4.000000000000
Peace_Whitemud3_filteredb,20190713,20191805__20190714_041235.00#.zc,7,0.448857142857143,noise,0.232857142857143,EPFU,0.183142857142857,LANO,10.116666666667,95.500000000000,2.166666666667,8.700000000000,92.000000000000,0E-12,11.600000000000,97.000000000000,4.000000000000
Peace_Whitemud3_filteredb,20190713,20191805__20190713_232935.00#.zc,23,0.244347826086957,MYLU,0.146521739130435,noise,0.129217391304348,MYVO,10.116666666667,95.500000000000,2.166666666667,8.700000000000,92.000000000000,0E-12,11.600000000000,97.000000000000,4.000000000000
Peace_Whitemud3_filteredb,20190713,20191805__20190714_003618.00#.zc,15,0.223066666666667,MYLU,0.1664,MYVO,0.155466666666667,noise,10.116666666667,95.500000000000,2.166666666667,8.700000000000,92.000000000000,0E-12,11.600000000000,97.000000000000,4.000000000000
Peace_Whitemud3_filteredb,20190713,20191805__20190713_235701.00#.zc,85,0.738917647058824,noise,0.159811764705882,LACI,0.0333176470588235,EPFU,10.116666666667,95.500000000000,2.166666666667,8.700000000000,92.000000000000,0E-12,11.600000000000,97.000000000000,4.000000000000
Peace_Whitemud3_filteredb,20190713,20191805__20190714_034543.00#.zc,44,0.202181818181818,LABO,0.173272727272727,MYLU,0.151181818181818,MYVO,10.116666666667,95.500000000000,2.166666666667,8.700000000000,92.000000000000,0E-12,11.600000000000,97.000000000000,4.000000000000
Peace_Whitemud3_filteredb,20190713,20191805__20190713_231619.00#.zc,12,0.487,noise,0.138666666666667,LACI,0.104,MYLU,10.116666666667,95.500000000000,2.166666666667,8.700000000000,92.000000000000,0E-12,11.600000000000,97.000000000000,4.000000000000
Peace_Whitemud3_filteredb,20190713,20191805__20190714_034534.00#.zc,1,0.49,EPFU,0.234,LANO,0.19,LACI,10.116666666667,95.500000000000,2.166666666667,8.700000000000,92.000000000000,0E-12,11.600000000000,97.000000000000,4.000000000000
Peace_Whitemud3_filteredb,20190713,20191805__20190713_232926.00#.zc,70,0.209971428571429,MYLU,0.207628571428571,noise,0.129114285714286,MYVO,10.116666666667,95.500000000000,2.166666666667,8.700000000000,92.000000000000,0E-12,11.600000000000,97.000000000000,4.000000000000
Peace_Whitemud3_filteredb,20190713,20191805__20190714_030843.00#.zc,1,0.424,LACI,0.372,EPFU,0.118,LANO,10.116666666667,95.500000000000,2.166666666667,8.700000000000,92.000000000000,0E-12,11.600000000000,97.000000000000,4.000000000000
Peace_Whitemud3_filteredb,20190713,20191805__20190714_034741.00#.zc,53,0.248301886792453,LABO,0.187471698113208,MYLU,0.138830188679245,MYVO,10.116666666667,95.500000000000,2.166666666667,8.700000000000,92.000000000000,0E-12,11.600000000000,97.000000000000,4.000000000000
Peace_Whitemud3_filteredb,20190713,20191805__20190714_041012.00#.zc,13,0.487846153846154,EPFU,0.218769230769231,LANO,0.185230769230769,LACI,10.116666666667,95.500000000000,2.166666666667,8.700000000000,92.000000000000,0E-12,11.600000000000,97.000000000000,4.000000000000
Peace_Whitemud3_filteredb,20190713,20191805__20190714_012155.00#.zc,1,0.39,noise,0.246,LACI,0.244,EPFU,10.116666666667,95.500000000000,2.166666666667,8.700000000000,92.000000000000,0E-12,11.600000000000,97.000000000000,4.000000000000
Peace_Whitemud3_filteredb,20190713,20191805__20190714_023429.00#.zc,26,0.258615384615385,LABO,0.226307692307692,MYLU,0.157846153846154,MYVO,10.116666666667,95.500000000000,2.166666666667,8.700000000000,92.000000000000,0E-12,11.600000000000,97.000000000000,4.000000000000
Peace_Whitemud3_filteredb,20190713,20191805__20190714_022618.00#.zc,2,0.425,LACI,0.316,EPFU,0.197,noise,10.116666666667,95.500000000000,2.166666666667,8.700000000000,92.000000000000,0E-12,11.600000000000,97.000000000000,4.000000000000
Peace_Whitemud3_filteredb,20190713,20191805__20190713_232155.00#.zc,12,0.177666666666667,LABO,0.176666666666667,MYLU,0.1625,noise,10.116666666667,95.500000000000,2.166666666667,8.700000000000,92.000000000000,0E-12,11.600000000000,97.000000000000,4.000000000000
Peace_Whitemud3_filteredb,20190713,20191805__20190714_013027.00#.zc,1,0.356,LANO,0.35,EPFU,0.156,LACI,10.116666666667,95.500000000000,2.166666666667,8.700000000000,92.000000000000,0E-12,11.600000000000,97.000000000000,4.000000000000
Peace_Whitemud3_filteredb,20190713,20191805__20190714_013029.00#.zc,1,0.354,EPFU,0.326,LANO,0.238,LACI,10.116666666667,95.500000000000,2.166666666667,8.700000000000,92.000000000000,0E-12,11.600000000000,97.000000000000,4.000000000000
Peace_Whitemud3_filteredb,20190713,20191805__20190714_040501.00#.zc,68,0.200617647058824,MYLU,0.177205882352941,MYVO,0.148558823529412,noise,10.116666666667,95.500000000000,2.166666666667,8.700000000000,92.000000000000,0E-12,11.600000000000,97.000000000000,4.000000000000
Peace_Whitemud3_filteredb,20190713,20191805__20190714_023442.00#.zc,4,0.4705,EPFU,0.274,LANO,0.144,LACI,10.116666666667,95.500000000000,2.166666666667,8.700000000000,92.000000000000,0E-12,11.600000000000,97.000000000000,4.000000000000
Peace_Whitemud3_filteredb,20190713,20191805__20190713_231455.00#.zc,37,0.237027027027027,MYLU,0.17427027027027,LABO,0.146,MYVO,10.116666666667,95.500000000000,2.166666666667,8.700000000000,92.000000000000,0E-12,11.600000000000,97.000000000000,4.000000000000
Peace_Whitemud3_filteredb,20190713,20191805__20190714_033202.00#.zc,6,0.354666666666667,noise,0.276666666666667,LACI,0.229666666666667,EPFU,10.116666666667,95.500000000000,2.166666666667,8.700000000000,92.000000000000,0E-12,11.600000000000,97.000000000000,4.000000000000
Peace_Whitemud3_filteredb,20190713,20191805__20190714_015428.00#.zc,14,0.308857142857143,EPFU,0.258285714285714,noise,0.214571428571429,LACI,10.116666666667,95.500000000000,2.166666666667,8.700000000000,92.000000000000,0E-12,11.600000000000,97.000000000000,4.000000000000
Peace_Whitemud3_filteredb,20190713,20191805__20190714_032823.00#.zc,5,0.2056,MYLU,0.1952,MYVO,0.1252,EPFU,10.116666666667,95.500000000000,2.166666666667,8.700000000000,92.000000000000,0E-12,11.600000000000,97.000000000000,4.000000000000
Peace_Whitemud3_filteredb,20190713,20191805__20190713_232121.00#.zc,37,0.268756756756757,MYLU,0.180702702702703,MYVO,0.110864864864865,LABO,10.116666666667,95.500000000000,2.166666666667,8.700000000000,92.000000000000,0E-12,11.600000000000,97.000000000000,4.000000000000
Peace_Whitemud3_filteredb,20190713,20191805__20190713_233940.00#.zc,11,0.564909090909091,noise,0.170363636363636,LACI,0.137818181818182,EPFU,10.116666666667,95.500000000000,2.166666666667,8.700000000000,92.000000000000,0E-12,11.600000000000,97.000000000000,4.000000000000
Peace_Whitemud3_filteredb,20190713,20191805__20190714_023428.00#.zc,11,0.282,MYLU,0.160181818181818,MYVO,0.11,LABO,10.116666666667,95.500000000000,2.166666666667,8.700000000000,92.000000000000,0E-12,11.600000000000,97.000000000000,4.000000000000
Peace_Whitemud3_filteredb,20190713,20191805__20190714_011951.00#.zc,1,0.398,EPFU,0.248,LANO,0.178,noise,10.116666666667,95.500000000000,2.166666666667,8.700000000000,92.000000000000,0E-12,11.600000000000,97.000000000000,4.000000000000
Peace_Whitemud3_filteredb,20190713,20191805__20190713_235317.00#.zc,190,0.663021052631579,noise,0.137747368421053,LACI,0.0563157894736842,MYLU,10.116666666667,95.500000000000,2.166666666667,8.700000000000,92.000000000000,0E-12,11.600000000000,97.000000000000,4.000000000000
Peace_Whitemud3_filteredb,20190713,20191805__20190713_232504.00#.zc,5,0.4964,noise,0.3128,LACI,0.1684,EPFU,10.116666666667,95.500000000000,2.166666666667,8.700000000000,92.000000000000,0E-12,11.600000000000,97.000000000000,4.000000000000
Peace_Whitemud3_filteredb,20190713,20191805__20190714_030839.00#.zc,5,0.2748,LANO,0.2588,noise,0.2392,EPFU,10.116666666667,95.500000000000,2.166666666667,8.700000000000,92.000000000000,0E-12,11.600000000000,97.000000000000,4.000000000000
Peace_Whitemud3_filteredb,20190713,20191805__20190714_032344.00#.zc,10,0.3168,noise,0.1358,MYLU,0.1296,LABO,10.116666666667,95.500000000000,2.166666666667,8.700000000000,92.000000000000,0E-12,11.600000000000,97.000000000000,4.000000000000
Peace_Whitemud3_filteredb,20190713,20191805__20190714_040815.00#.zc,3,0.556666666666667,EPFU,0.185333333333333,LANO,0.176,LACI,10.116666666667,95.500000000000,2.166666666667,8.700000000000,92.000000000000,0E-12,11.600000000000,97.000000000000,4.000000000000
Peace_Whitemud3_filteredb,20190713,20191805__20190713_232200.00#.zc,9,0.304666666666667,noise,0.227555555555556,EPFU,0.174222222222222,LACI,10.116666666667,95.500000000000,2.166666666667,8.700000000000,92.000000000000,0E-12,11.600000000000,97.000000000000,4.000000000000
Peace_Whitemud3_filteredb,20190713,20191805__20190714_041231.00#.zc,5,0.4368,EPFU,0.226,LANO,0.1728,LACI,10.116666666667,95.500000000000,2.166666666667,8.700000000000,92.000000000000,0E-12,11.600000000000,97.000000000000,4.000000000000
Peace_Whitemud3_filteredb,20190713,20191805__20190714_023252.00#.zc,1,0.644,EPFU,0.14,noise,0.118,LANO,10.116666666667,95.500000000000,2.166666666667,8.700000000000,92.000000000000,0E-12,11.600000000000,97.000000000000,4.000000000000
Peace_Whitemud3_filteredb,20190713,20191805__20190714_030028.00#.zc,1,0.336,noise,0.308,EPFU,0.21,LACI,10.116666666667,95.500000000000,2.166666666667,8.700000000000,92.000000000000,0E-12,11.600000000000,97.000000000000,4.000000000000
Peace_Whitemud3_filteredb,20190713,20191805__20190714_041240.00#.zc,76,0.238236842105263,MYLU,0.195894736842105,noise,0.158342105263158,LABO,10.116666666667,95.500000000000,2.166666666667,8.700000000000,92.000000000000,0E-12,11.600000000000,97.000000000000,4.000000000000
Peace_Whitemud3_filteredb,20190713,20191805__20190714_040146.00#.zc,3,0.459333333333333,noise,0.273333333333333,LACI,0.176,EPFU,10.116666666667,95.500000000000,2.166666666667,8.700000000000,92.000000000000,0E-12,11.600000000000,97.000000000000,4.000000000000
Peace_Whitemud3_filteredb,20190713,20191805__20190713_231614.00#.zc,59,0.313559322033898,noise,0.159322033898305,MYLU,0.118406779661017,LACI,10.116666666667,95.500000000000,2.166666666667,8.700000000000,92.000000000000,0E-12,11.600000000000,97.000000000000,4.000000000000
Peace_Whitemud3_filteredb,20190713,20191805__20190714_041039.00#.zc,14,0.455142857142857,EPFU,0.221285714285714,LANO,0.174142857142857,LACI,10.116666666667,95.500000000000,2.166666666667,8.700000000000,92.000000000000,0E-12,11.600000000000,97.000000000000,4.000000000000
Peace_Whitemud3_filteredb,20190713,20191805__20190714_033109.00#.zc,1,0.386,LANO,0.294,EPFU,0.274,LACI,10.116666666667,95.500000000000,2.166666666667,8.700000000000,92.000000000000,0E-12,11.600000000000,97.000000000000,4.000000000000
Peace_Whitemud3_filteredb,20190713,20191805__20190713_233223.00#.zc,37,0.198702702702703,MYLU,0.190702702702703,MYVO,0.157189189189189,noise,10.116666666667,95.500000000000,2.166666666667,8.700000000000,92.000000000000,0E-12,11.600000000000,97.000000000000,4.000000000000
Peace_Whitemud3_filteredb,20190713,20191805__20190714_041036.00#.zc,4,0.417,EPFU,0.303,LANO,0.1465,LACI,10.116666666667,95.500000000000,2.166666666667,8.700000000000,92.000000000000,0E-12,11.600000000000,97.000000000000,4.000000000000
Peace_Whitemud3_filteredb,20190713,20191805__20190714_034739.00#.zc,13,0.209230769230769,noise,0.132923076923077,EPFU,0.114923076923077,LACI,10.116666666667,95.500000000000,2.166666666667,8.700000000000,92.000000000000,0E-12,11.600000000000,97.000000000000,4.000000000000
Peace_Whitemud3_filteredb,20190713,20191805__20190714_041008.00#.zc,5,0.4448,EPFU,0.2388,LANO,0.1812,LACI,10.116666666667,95.500000000000,2.166666666667,8.700000000000,92.000000000000,0E-12,11.600000000000,97.000000000000,4.000000000000
Peace_Whitemud3_filteredb,20190713,20191805__20190714_004414.00#.zc,14,0.537,noise,0.203285714285714,LACI,0.161285714285714,EPFU,10.116666666667,95.500000000000,2.166666666667,8.700000000000,92.000000000000,0E-12,11.600000000000,97.000000000000,4.000000000000
Peace_Whitemud3_filteredb,20190713,20191805__20190714_023539.00#.zc,1,0.434,EPFU,0.258,LANO,0.172,LACI,10.116666666667,95.500000000000,2.166666666667,8.700000000000,92.000000000000,0E-12,11.600000000000,97.000000000000,4.000000000000
Peace_Whitemud3_filteredb,20190713,20191805__20190714_033157.00#.zc,2,0.414,EPFU,0.323,LANO,0.145,noise,10.116666666667,95.500000000000,2.166666666667,8.700000000000,92.000000000000,0E-12,11.600000000000,97.000000000000,4.000000000000
Peace_Whitemud3_filteredb,20190713,20191805__20190714_034538.00#.zc,1,0.56,EPFU,0.27,LACI,0.09,noise,10.116666666667,95.500000000000,2.166666666667,8.700000000000,92.000000000000,0E-12,11.600000000000,97.000000000000,4.000000000000
Peace_Whitemud3_filteredb,20190713,20191805__20190714_030029.00#.zc,1,0.344,LACI,0.322,EPFU,0.264,noise,10.116666666667,95.500000000000,2.166666666667,8.700000000000,92.000000000000,0E-12,11.600000000000,97.000000000000,4.000000000000
Peace_Whitemud3_filteredb,20190713,20191805__20190714_041251.00#.zc,6,0.336666666666667,EPFU,0.232333333333333,LANO,0.196333333333333,noise,10.116666666667,95.500000000000,2.166666666667,8.700000000000,92.000000000000,0E-12,11.600000000000,97.000000000000,4.000000000000
Peace_Whitemud3_filteredb,20190713,20191805__20190713_232852.00#.zc,96,0.219604166666667,MYLU,0.219125,noise,0.114666666666667,MYVO,10.116666666667,95.500000000000,2.166666666667,8.700000000000,92.000000000000,0E-12,11.600000000000,97.000000000000,4.000000000000
Peace_Whitemud3_filteredb,20190713,20191805__20190714_034535.00#.zc,2,0.495,EPFU,0.23,LANO,0.189,LACI,10.116666666667,95.500000000000,2.166666666667,8.700000000000,92.000000000000,0E-12,11.600000000000,97.000000000000,4.000000000000
Peace_Whitemud3_filteredb,20190713,20191805__20190714_004520.00#.zc,6,0.287333333333333,noise,0.187666666666667,MYLU,0.150333333333333,MYVO,10.116666666667,95.500000000000,2.166666666667,8.700000000000,92.000000000000,0E-12,11.600000000000,97.000000000000,4.000000000000
Peace_Whitemud3_filteredb,20190713,20191805__20190714_041248.00#.zc,9,0.380666666666667,noise,0.159333333333333,LACI,0.143111111111111,EPFU,10.116666666667,95.500000000000,2.166666666667,8.700000000000,92.000000000000,0E-12,11.600000000000,97.000000000000,4.000000000000
Peace_Whitemud3_filteredb,20190713,20191805__20190714_041020.00#.zc,3,0.428666666666667,EPFU,0.265333333333333,LANO,0.164666666666667,LACI,10.116666666667,95.500000000000,2.166666666667,8.700000000000,92.000000000000,0E-12,11.600000000000,97.000000000000,4.000000000000
Peace_Whitemud3_filteredb,20190713,20191805__20190713_232656.00#.zc,17,0.362941176470588,noise,0.135176470588235,LACI,0.125647058823529,MYLU,10.116666666667,95.500000000000,2.166666666667,8.700000000000,92.000000000000,0E-12,11.600000000000,97.000000000000,4.000000000000
Peace_Whitemud3_filteredb,20190713,20191805__20190713_234857.00#.zc,134,0.683388059701493,noise,0.159910447761194,LACI,0.0595373134328358,EPFU,10.116666666667,95.500000000000,2.166666666667,8.700000000000,92.000000000000,0E-12,11.600000000000,97.000000000000,4.000000000000
Peace_Whitemud3_filteredb,20190713,20191805__20190714_035536.00#.zc,4,0.306,LACI,0.252,EPFU,0.2475,LANO,10.116666666667,95.500000000000,2.166666666667,8.700000000000,92.000000000000,0E-12,11.600000000000,97.000000000000,4.000000000000
Peace_Whitemud3_filteredb,20190713,20191805__20190714_040855.00#.zc,34,0.370411764705882,EPFU,0.231941176470588,LACI,0.224352941176471,LANO,10.116666666667,95.500000000000,2.166666666667,8.700000000000,92.000000000000,0E-12,11.600000000000,97.000000000000,4.000000000000
Peace_Whitemud3_filteredb,20190713,20191805__20190714_022614.00#.zc,1,0.314,noise,0.25,EPFU,0.242,LANO,10.116666666667,95.500000000000,2.166666666667,8.700000000000,92.000000000000,0E-12,11.600000000000,97.000000000000,4.000000000000
Peace_Whitemud3_filteredb,20190713,20191805__20190714_034540.00#.zc,3,0.432,LACI,0.212,EPFU,0.175333333333333,LANO,10.116666666667,95.500000000000,2.166666666667,8.700000000000,92.000000000000,0E-12,11.600000000000,97.000000000000,4.000000000000
Peace_Whitemud3_filteredb,20190713,20191805__20190714_023255.00#.zc,8,0.37325,EPFU,0.30325,LACI,0.19,LANO,10.116666666667,95.500000000000,2.166666666667,8.700000000000,92.000000000000,0E-12,11.600000000000,97.000000000000,4.000000000000
Peace_Whitemud3_filteredb,20190713,20191805__20190714_011952.00#.zc,2,0.393,EPFU,0.289,LACI,0.168,LANO,10.116666666667,95.500000000000,2.166666666667,8.700000000000,92.000000000000,0E-12,11.600000000000,97.000000000000,4.000000000000
Peace_Whitemud3_filteredb,20190713,20191805__20190713_234036.00#.zc,30,0.567066666666667,noise,0.1946,LACI,0.145133333333333,EPFU,10.116666666667,95.500000000000,2.166666666667,8.700000000000,92.000000000000,0E-12,11.600000000000,97.000000000000,4.000000000000
Peace_Whitemud3_filteredb,20190713,20191805__20190713_231632.00#.zc,94,0.186851063829787,MYLU,0.178914893617021,noise,0.143340425531915,MYVO,10.116666666667,95.500000000000,2.166666666667,8.700000000000,92.000000000000,0E-12,11.600000000000,97.000000000000,4.000000000000
Peace_Whitemud3_filteredb,20190713,20191805__20190714_033158.00#.zc,6,0.405,EPFU,0.320333333333333,LANO,0.149333333333333,LACI,10.116666666667,95.500000000000,2.166666666667,8.700000000000,92.000000000000,0E-12,11.600000000000,97.000000000000,4.000000000000
Peace_Whitemud3_filteredb,20190713,20191805__20190714_041021.00#.zc,6,0.363666666666667,LACI,0.276666666666667,EPFU,0.247666666666667,LANO,10.116666666667,95.500000000000,2.166666666667,8.700000000000,92.000000000000,0E-12,11.600000000000,97.000000000000,4.000000000000
Peace_Whitemud3_filteredb,20190713,20191805__20190713_232444.00#.zc,1,0.42,noise,0.308,EPFU,0.236,LACI,10.116666666667,95.500000000000,2.166666666667,8.700000000000,92.000000000000,0E-12,11.600000000000,97.000000000000,4.000000000000
Peace_Whitemud3_filteredb,20190713,20191805__20190714_041009.00#.zc,1,0.402,EPFU,0.294,LANO,0.156,LACI,10.116666666667,95.500000000000,2.166666666667,8.700000000000,92.000000000000,0E-12,11.600000000000,97.000000000000,4.000000000000
Peace_Whitemud3_filteredb,20190713,20191805__20190713_232150.00#.zc,11,0.224,noise,0.209090909090909,MYLU,0.189818181818182,LABO,10.116666666667,95.500000000000,2.166666666667,8.700000000000,92.000000000000,0E-12,11.600000000000,97.000000000000,4.000000000000
Peace_Whitemud3_filteredb,20190713,20191805__20190714_030840.00#.zc,4,0.4735,EPFU,0.281,LANO,0.1345,LACI,10.116666666667,95.500000000000,2.166666666667,8.700000000000,92.000000000000,0E-12,11.600000000000,97.000000000000,4.000000000000
Peace_Whitemud3_filteredb,20190713,20191805__20190714_030031.00#.zc,1,0.444,noise,0.322,EPFU,0.158,LACI,10.116666666667,95.500000000000,2.166666666667,8.700000000000,92.000000000000,0E-12,11.600000000000,97.000000000000,4.000000000000
Peace_Whitemud3_filteredb,20190713,20191805__20190714_041047.00#.zc,6,0.493,EPFU,0.264,LANO,0.159333333333333,LACI,10.116666666667,95.500000000000,2.166666666667,8.700000000000,92.000000000000,0E-12,11.600000000000,97.000000000000,4.000000000000
Peace_Whitemud3_filteredb,20190713,20191805__20190713_234322.00#.zc,95,0.327242105263158,noise,0.144147368421053,MYLU,0.109831578947368,MYVO,10.116666666667,95.500000000000,2.166666666667,8.700000000000,92.000000000000,0E-12,11.600000000000,97.000000000000,4.000000000000
Peace_Whitemud3_filteredb,20190713,20191805__20190713_232540.00#.zc,3,0.478,noise,0.207333333333333,LACI,0.179333333333333,EPFU,10.116666666667,95.500000000000,2.166666666667,8.700000000000,92.000000000000,0E-12,11.600000000000,97.000000000000,4.000000000000
Peace_Whitemud3_filteredb,20190713,20191805__20190713_234034.00#.zc,15,0.3612,noise,0.2808,EPFU,0.2232,LACI,10.116666666667,95.500000000000,2.166666666667,8.700000000000,92.000000000000,0E-12,11.600000000000,97.000000000000,4.000000000000
Peace_Whitemud3_filteredb,20190713,20191805__20190714_021406.00#.zc,70,0.640342857142857,noise,0.166228571428571,LACI,0.106171428571429,EPFU,10.116666666667,95.500000000000,2.166666666667,8.700000000000,92.000000000000,0E-12,11.600000000000,97.000000000000,4.000000000000
Peace_Whitemud3_filteredb,20190713,20191805__20190714_021417.00#.zc,12,0.365333333333333,noise,0.2525,EPFU,0.204166666666667,LACI,10.116666666667,95.500000000000,2.166666666667,8.700000000000,92.000000000000,0E-12,11.600000000000,97.000000000000,4.000000000000
Peace_Whitemud3_filteredb,20190713,20191805__20190714_040957.00#.zc,2,0.435,EPFU,0.205,LACI,0.204,LANO,10.116666666667,95.500000000000,2.166666666667,8.700000000000,92.000000000000,0E-12,11.600000000000,97.000000000000,4.000000000000
Peace_Whitemud3_filteredb,20190713,20191805__20190713_232830.00#.zc,41,0.229609756097561,noise,0.176634146341463,MYLU,0.126975609756098,LABO,10.116666666667,95.500000000000,2.166666666667,8.700000000000,92.000000000000,0E-12,11.600000000000,97.000000000000,4.000000000000
Peace_Whitemud3_filteredb,20190713,20191805__20190714_033104.00#.zc,2,0.477,EPFU,0.187,LANO,0.172,noise,10.116666666667,95.500000000000,2.166666666667,8.700000000000,92.000000000000,0E-12,11.600000000000,97.000000000000,4.000000000000
Peace_Whitemud3_filteredb,20190713,20191805__20190714_013030.00#.zc,1,0.364,EPFU,0.286,LANO,0.18,noise,10.116666666667,95.500000000000,2.166666666667,8.700000000000,92.000000000000,0E-12,11.600000000000,97.000000000000,4.000000000000
Peace_Whitemud3_filteredb,20190713,20191805__20190713_231713.00#.zc,21,0.24352380952381,noise,0.191333333333333,MYLU,0.125714285714286,MYVO,10.116666666667,95.500000000000,2.166666666667,8.700000000000,92.000000000000,0E-12,11.600000000000,97.000000000000,4.000000000000
Peace_Whitemud3_filteredb,20190713,20191805__20190714_023433.00#.zc,5,0.2556,LABO,0.1724,noise,0.156,MYLU,10.116666666667,95.500000000000,2.166666666667,8.700000000000,92.000000000000,0E-12,11.600000000000,97.000000000000,4.000000000000
Peace_Whitemud3_filteredb,20190713,20191805__20190714_041233.00#.zc,8,0.38525,EPFU,0.23,LANO,0.20025,LACI,10.116666666667,95.500000000000,2.166666666667,8.700000000000,92.000000000000,0E-12,11.600000000000,97.000000000000,4.000000000000
Peace_Whitemud3_filteredb,20190713,20191805__20190714_035733.00#.zc,46,0.260913043478261,MYLU,0.188652173913043,LABO,0.179,MYVO,10.116666666667,95.500000000000,2.166666666667,8.700000000000,92.000000000000,0E-12,11.600000000000,97.000000000000,4.000000000000
Peace_Whitemud3_filteredb,20190713,20191805__20190714_040142.00#.zc,6,0.309333333333333,EPFU,0.300333333333333,LACI,0.207333333333333,LANO,10.116666666667,95.500000000000,2.166666666667,8.700000000000,92.000000000000,0E-12,11.600000000000,97.000000000000,4.000000000000
Peace_Whitemud3_filteredb,20190713,20191805__20190714_021042.00#.zc,119,0.692151260504202,noise,0.174235294117647,LACI,0.0572268907563025,EPFU,10.116666666667,95.500000000000,2.166666666667,8.700000000000,92.000000000000,0E-12,11.600000000000,97.000000000000,4.000000000000
Peace_Whitemud3_filteredb,20190713,20191805__20190714_004408.00#.zc,6,0.515333333333333,noise,0.304666666666667,LACI,0.128,EPFU,10.116666666667,95.500000000000,2.166666666667,8.700000000000,92.000000000000,0E-12,11.600000000000,97.000000000000,4.000000000000
Peace_Whitemud3_filteredb,20190713,20191805__20190713_232456.00#.zc,2,0.393,EPFU,0.326,LACI,0.246,noise,10.116666666667,95.500000000000,2.166666666667,8.700000000000,92.000000000000,0E-12,11.600000000000,97.000000000000,4.000000000000
Peace_Whitemud3_filteredb,20190713,20191805__20190714_021419.00#.zc,23,0.350173913043478,noise,0.26904347826087,EPFU,0.200608695652174,LACI,10.116666666667,95.500000000000,2.166666666667,8.700000000000,92.000000000000,0E-12,11.600000000000,97.000000000000,4.000000000000
Peace_Whitemud3_filteredb,20190713,20191805__20190713_233221.00#.zc,12,0.206666666666667,LABO,0.1925,MYLU,0.123166666666667,noise,10.116666666667,95.500000000000,2.166666666667,8.700000000000,92.000000000000,0E-12,11.600000000000,97.000000000000,4.000000000000
Peace_Whitemud3_filteredb,20190713,20191805__20190714_033159.00#.zc,4,0.386,EPFU,0.324,LANO,0.146,LACI,10.116666666667,95.500000000000,2.166666666667,8.700000000000,92.000000000000,0E-12,11.600000000000,97.000000000000,4.000000000000
Peace_Whitemud3_filteredb,20190713,20191805__20190713_232105.00#.zc,69,0.216608695652174,noise,0.190144927536232,MYLU,0.121855072463768,MYVO,10.116666666667,95.500000000000,2.166666666667,8.700000000000,92.000000000000,0E-12,11.600000000000,97.000000000000,4.000000000000
Peace_Whitemud3_filteredb,20190713,20191805__20190714_013031.00#.zc,1,0.348,EPFU,0.312,LANO,0.204,LACI,10.116666666667,95.500000000000,2.166666666667,8.700000000000,92.000000000000,0E-12,11.600000000000,97.000000000000,4.000000000000
Peace_Whitemud3_filteredb,20190713,20191805__20190713_233405.00#.zc,14,0.504857142857143,noise,0.227142857142857,LACI,0.137,EPFU,10.116666666667,95.500000000000,2.166666666667,8.700000000000,92.000000000000,0E-12,11.600000000000,97.000000000000,4.000000000000
Peace_Whitemud3_filteredb,20190713,20191805__20190713_232207.00#.zc,2,0.44,EPFU,0.252,LANO,0.171,LACI,10.116666666667,95.500000000000,2.166666666667,8.700000000000,92.000000000000,0E-12,11.600000000000,97.000000000000,4.000000000000
Peace_Whitemud3_filteredb,20190713,20191805__20190713_232445.00#.zc,5,0.3624,EPFU,0.32,noise,0.2672,LACI,10.116666666667,95.500000000000,2.166666666667,8.700000000000,92.000000000000,0E-12,11.600000000000,97.000000000000,4.000000000000
Peace_Whitemud3_filteredb,20190713,20191805__20190713_234046.00#.zc,62,0.289193548387097,noise,0.14941935483871,MYLU,0.133516129032258,MYVO,10.116666666667,95.500000000000,2.166666666667,8.700000000000,92.000000000000,0E-12,11.600000000000,97.000000000000,4.000000000000
Peace_Whitemud3_filteredb,20190713,20191805__20190714_013028.00#.zc,1,0.446,EPFU,0.328,LANO,0.146,LACI,10.116666666667,95.500000000000,2.166666666667,8.700000000000,92.000000000000,0E-12,11.600000000000,97.000000000000,4.000000000000
Peace_Whitemud3_filteredb,20190713,20191805__20190714_034113.00#.zc,11,0.291818181818182,MYLU,0.244,MYVO,0.0832727272727273,MYEV,10.116666666667,95.500000000000,2.166666666667,8.700000000000,92.000000000000,0E-12,11.600000000000,97.000000000000,4.000000000000
Peace_Whitemud3_filteredb,20190713,20191805__20190714_041046.00#.zc,3,0.444666666666667,EPFU,0.281333333333333,LANO,0.175333333333333,LACI,10.116666666667,95.500000000000,2.166666666667,8.700000000000,92.000000000000,0E-12,11.600000000000,97.000000000000,4.000000000000
Peace_Whitemud3_filteredb,20190713,20191805__20190714_005854.00#.zc,12,0.318833333333333,EPFU,0.3095,LACI,0.219,LANO,10.116666666667,95.500000000000,2.166666666667,8.700000000000,92.000000000000,0E-12,11.600000000000,97.000000000000,4.000000000000
Peace_Whitemud3_filteredb,20190713,20191805__20190714_012200.00#.zc,6,0.377666666666667,noise,0.218,EPFU,0.197,LACI,10.116666666667,95.500000000000,2.166666666667,8.700000000000,92.000000000000,0E-12,11.600000000000,97.000000000000,4.000000000000
Peace_Whitemud3_filteredb,20190713,20191805__20190714_041010.00#.zc,8,0.266,EPFU,0.25725,LANO,0.2475,LACI,10.116666666667,95.500000000000,2.166666666667,8.700000000000,92.000000000000,0E-12,11.600000000000,97.000000000000,4.000000000000
Peace_Whitemud3_filteredb,20190713,20191805__20190714_000328.00#.zc,54,0.600259259259259,noise,0.137444444444444,LACI,0.0605185185185185,EPFU,10.116666666667,95.500000000000,2.166666666667,8.700000000000,92.000000000000,0E-12,11.600000000000,97.000000000000,4.000000000000
Peace_Whitemud3_filteredb,20190713,20191805__20190714_030032.00#.zc,1,0.41,LACI,0.274,noise,0.244,EPFU,10.116666666667,95.500000000000,2.166666666667,8.700000000000,92.000000000000,0E-12,11.600000000000,97.000000000000,4.000000000000
Peace_Whitemud3_filteredb,20190713,20191805__20190714_034536.00#.zc,1,0.618,EPFU,0.158,LACI,0.144,LANO,10.116666666667,95.500000000000,2.166666666667,8.700000000000,92.000000000000,0E-12,11.600000000000,97.000000000000,4.000000000000
Peace_Whitemud3_filteredb,20190713,20191805__20190714_002059.00#.zc,26,0.278846153846154,MYLU,0.162230769230769,MYVO,0.150461538461538,LABO,10.116666666667,95.500000000000,2.166666666667,8.700000000000,92.000000000000,0E-12,11.600000000000,97.000000000000,4.000000000000
Peace_Whitemud3_filteredb,20190713,20191805__20190714_040812.00#.zc,4,0.432,EPFU,0.3165,LANO,0.126,LACI,10.116666666667,95.500000000000,2.166666666667,8.700000000000,92.000000000000,0E-12,11.600000000000,97.000000000000,4.000000000000
Peace_Whitemud3_filteredb,20190713,20191805__20190714_032338.00#.zc,16,0.2265,noise,0.13625,MYLU,0.115375,LABO,10.116666666667,95.500000000000,2.166666666667,8.700000000000,92.000000000000,0E-12,11.600000000000,97.000000000000,4.000000000000
Peace_Whitemud3_filteredb,20190713,20191805__20190714_041006.00#.zc,15,0.3176,EPFU,0.310133333333333,noise,0.192,LACI,10.116666666667,95.500000000000,2.166666666667,8.700000000000,92.000000000000,0E-12,11.600000000000,97.000000000000,4.000000000000
Peace_Whitemud3_filteredb,20190713,20191805__20190714_041004.00#.zc,10,0.4094,EPFU,0.2304,LANO,0.2044,LACI,10.116666666667,95.500000000000,2.166666666667,8.700000000000,92.000000000000,0E-12,11.600000000000,97.000000000000,4.000000000000
Peace_Whitemud3_filteredb,20190713,20191805__20190713_232701.00#.zc,13,0.266,noise,0.205230769230769,MYLU,0.109076923076923,LABO,10.116666666667,95.500000000000,2.166666666667,8.700000000000,92.000000000000,0E-12,11.600000000000,97.000000000000,4.000000000000
Peace_Whitemud3_filteredb,20190713,20191805__20190713_234631.00#.zc,90,0.476355555555556,noise,0.119266666666667,LACI,0.0947777777777778,LABO,10.116666666667,95.500000000000,2.166666666667,8.700000000000,92.000000000000,0E-12,11.600000000000,97.000000000000,4.000000000000
Peace_Whitemud3_filteredb,20190713,20191805__20190714_035618.00#.zc,1,0.38,EPFU,0.336,LANO,0.148,LACI,10.116666666667,95.500000000000,2.166666666667,8.700000000000,92.000000000000,0E-12,11.600000000000,97.000000000000,4.000000000000
Peace_Whitemud3_filteredb,20190713,20191805__20190714_012204.00#.zc,1,0.398,EPFU,0.368,LANO,0.156,LACI,10.116666666667,95.500000000000,2.166666666667,8.700000000000,92.000000000000,0E-12,11.600000000000,97.000000000000,4.000000000000
Peace_Whitemud3_filteredb,20190713,20191805__20190713_232147.00#.zc,18,0.205888888888889,MYLU,0.193444444444444,noise,0.159333333333333,LABO,10.116666666667,95.500000000000,2.166666666667,8.700000000000,92.000000000000,0E-12,11.600000000000,97.000000000000,4.000000000000
Peace_Whitemud3_filteredb,20190713,20191805__20190714_002014.00#.zc,13,0.569384615384615,noise,0.265230769230769,LACI,0.112461538461538,EPFU,10.116666666667,95.500000000000,2.166666666667,8.700000000000,92.000000000000,0E-12,11.600000000000,97.000000000000,4.000000000000
Peace_Whitemud3_filteredb,20190713,20191805__20190714_041249.00#.zc,2,0.275,EPFU,0.273,LACI,0.266,noise,10.116666666667,95.500000000000,2.166666666667,8.700000000000,92.000000000000,0E-12,11.600000000000,97.000000000000,4.000000000000
Peace_Whitemud3_filteredb,20190713,20191805__20190713_232210.00#.zc,5,0.212,EPFU,0.208,noise,0.2016,LACI,10.116666666667,95.500000000000,2.166666666667,8.700000000000,92.000000000000,0E-12,11.600000000000,97.000000000000,4.000000000000
Peace_Whitemud3_filteredb,20190713,20191805__20190714_041229.00#.zc,7,0.459428571428571,EPFU,0.250571428571429,LANO,0.147714285714286,LACI,10.116666666667,95.500000000000,2.166666666667,8.700000000000,92.000000000000,0E-12,11.600000000000,97.000000000000,4.000000000000
Peace_Whitemud3_filteredb,20190713,20191805__20190714_000159.00#.zc,71,0.723070422535211,noise,0.186507042253521,LACI,0.0613802816901408,EPFU,10.116666666667,95.500000000000,2.166666666667,8.700000000000,92.000000000000,0E-12,11.600000000000,97.000000000000,4.000000000000
Peace_Whitemud3_filteredb,20190713,20191805__20190714_033107.00#.zc,8,0.436,EPFU,0.30975,LANO,0.12875,LACI,10.116666666667,95.500000000000,2.166666666667,8.700000000000,92.000000000000,0E-12,11.600000000000,97.000000000000,4.000000000000
Peace_Whitemud3_filteredb,20190713,20191805__20190713_232902.00#.zc,29,0.330896551724138,noise,0.155931034482759,MYLU,0.133103448275862,LACI,10.116666666667,95.500000000000,2.166666666667,8.700000000000,92.000000000000,0E-12,11.600000000000,97.000000000000,4.000000000000
Peace_Whitemud3_filteredb,20190713,20191805__20190714_015424.00#.zc,2,0.21,NA,0.21,NA,0.204,EPFU,10.116666666667,95.500000000000,2.166666666667,8.700000000000,92.000000000000,0E-12,11.600000000000,97.000000000000,4.000000000000
Peace_Whitemud3_filteredb,20190713,20191805__20190713_235400.00#.zc,169,0.749621301775148,noise,0.179254437869822,LACI,0.0473727810650888,EPFU,10.116666666667,95.500000000000,2.166666666667,8.700000000000,92.000000000000,0E-12,11.600000000000,97.000000000000,4.000000000000
Peace_Whitemud3_filteredb,20190713,20191805__20190714_034110.00#.zc,29,0.25351724137931,MYLU,0.186275862068966,MYVO,0.126,noise,10.116666666667,95.500000000000,2.166666666667,8.700000000000,92.000000000000,0E-12,11.600000000000,97.000000000000,4.000000000000
Peace_Whitemud3_filteredb,20190713,20191805__20190714_012157.00#.zc,1,0.45,noise,0.348,LACI,0.176,EPFU,10.116666666667,95.500000000000,2.166666666667,8.700000000000,92.000000000000,0E-12,11.600000000000,97.000000000000,4.000000000000
Peace_Whitemud3_filteredb,20190713,20191805__20190714_041045.00#.zc,3,0.43,EPFU,0.233333333333333,LANO,0.191333333333333,LACI,10.116666666667,95.500000000000,2.166666666667,8.700000000000,92.000000000000,0E-12,11.600000000000,97.000000000000,4.000000000000
Peace_Whitemud3_filteredb,20190713,20191805__20190714_041252.00#.zc,9,0.335333333333333,noise,0.271777777777778,EPFU,0.218,LACI,10.116666666667,95.500000000000,2.166666666667,8.700000000000,92.000000000000,0E-12,11.600000000000,97.000000000000,4.000000000000
Peace_Whitemud3_filteredb,20190713,20191805__20190714_040850.00#.zc,42,0.329380952380952,EPFU,0.273666666666667,LANO,0.202809523809524,noise,10.116666666667,95.500000000000,2.166666666667,8.700000000000,92.000000000000,0E-12,11.600000000000,97.000000000000,4.000000000000
Peace_Whitemud3_filteredb,20190713,20191805__20190714_022504.00#.zc,1,0.392,noise,0.31,LACI,0.234,EPFU,10.116666666667,95.500000000000,2.166666666667,8.700000000000,92.000000000000,0E-12,11.600000000000,97.000000000000,4.000000000000
